id,HPO_ID,name,OBO_Name,definition,OBO_Definition,UMLS_IDs,HPO_ID_norm,obo_label,obo_definition,IS_ASD_PHENOTYPE,IS_ASD_ONTOLOGY_PHENOTYPE
http://purl.obolibrary.org/obo/HP_0000708,HP_0000708,Atypical behavior,,"Atypical behavior is an abnormality in a person's actions that can be controlled or modulated by the will of the individual. While abnormal behaviors can be difficult to control, they are distinct from other abnormal actions that cannot be affected by the individual's will.",,C0004941;C0233514,HP:0000708,Atypical behavior,"Atypical behavior is an abnormality in a person's actions that can be controlled or modulated by the will of the individual. While abnormal behaviors can be difficult to control, they are distinct from other abnormal actions that cannot be affected by the individual's will.",True,True
http://purl.obolibrary.org/obo/HP_0000717,HP_0000717,Autism,,"Autism is a neurodevelopmental disorder characterized by impaired social interaction and communication, and by restricted and repetitive behavior. Autism begins in childhood. It is marked by the presence of markedly abnormal or impaired development in social interaction and communication and a markedly restricted repertoire of activity and interest. Manifestations of the disorder vary greatly depending on the developmental level and chronological age of the individual (DSM-IV).",,C0004352,HP:0000717,Autism,"Autism is a neurodevelopmental disorder characterized by impaired social interaction and communication, and by restricted and repetitive behavior. Autism begins in childhood. It is marked by the presence of markedly abnormal or impaired development in social interaction and communication and a markedly restricted repertoire of activity and interest. Manifestations of the disorder vary greatly depending on the developmental level and chronological age of the individual (DSM-IV).",True,True
http://purl.obolibrary.org/obo/HP_0000718,HP_0000718,Aggressive behavior,,"Behavior or an act aimed at harming a person, animal, or physical property (e.g., acts of physical violence; shouting, swearing, and using harsh language; slashing someone's tires).",,C0001807;C0424323;C1457883,HP:0000718,Aggressive behavior,"Behavior or an act aimed at harming a person, animal, or physical property (e.g., acts of physical violence; shouting, swearing, and using harsh language; slashing someone's tires).",True,True
http://purl.obolibrary.org/obo/HP_0000721,HP_0000721,Lack of spontaneous play,,,,C1837650,HP:0000721,Lack of spontaneous play,,True,True
http://purl.obolibrary.org/obo/HP_0000722,HP_0000722,Compulsive behaviors,,"Behavior that consists of repetitive acts, characterized by the feeling that one ""has to"" perform them, while being aware that these acts are not in line with one's overall goal.",,C0028768;C0600104,HP:0000722,Compulsive behaviors,"Behavior that consists of repetitive acts, characterized by the feeling that one ""has to"" perform them, while being aware that these acts are not in line with one's overall goal.",True,True
http://purl.obolibrary.org/obo/HP_0000723,HP_0000723,Restrictive behavior,,Behavior characterized by an abnormal limitation to a few interests and activities.,,C2675334;C4021799,HP:0000723,Restrictive behavior,Behavior characterized by an abnormal limitation to a few interests and activities.,True,True
http://purl.obolibrary.org/obo/HP_0000728,HP_0000728,Impaired ability to form peer relationships,,"Difficulty to establish relations with others in a comparable social group (peers) that may be manifested in pehnomena such as not being able to initiative a conversation, understand social cues, or to discuss shared interests. This feature is associated with poor integration within a community or group.",,C1837649,HP:0000728,Reduced ability to form peer relationships,"Difficulty to establish relations with others in a comparable social group (peers) that may be manifested in pehnomena such as not being able to initiative a conversation, understand social cues, or to discuss shared interests. This feature is associated with poor integration within a community or group.",True,True
http://purl.obolibrary.org/obo/HP_0000729,HP_0000729,Autistic behavior,,Persistent deficits in social interaction and communication and interaction as well as a markedly restricted repertoire of activity and interest as well as repetitive patterns of behavior.,,C0856975;C1510586,HP:0000729,Autistic behavior,Persistent deficits in social interaction and communication and interaction as well as a markedly restricted repertoire of activity and interest as well as repetitive patterns of behavior.,True,True
http://purl.obolibrary.org/obo/HP_0000732,HP_0000732,Inflexible adherence to routines,,A need to strictly adhere to repetitive routines or patterns of behavior which are created by the environment. One becomes upset or distressed when their routines are disrupted or altered.,,C1837653,HP:0000732,Inflexible adherence to routines,A need to strictly adhere to repetitive routines or patterns of behavior which are created by the environment. One becomes upset or distressed when their routines are disrupted or altered.,True,True
http://purl.obolibrary.org/obo/HP_0000733,HP_0000733,Motor stereotypy,,Use of the same abnormal action in response to certain triggers or at random. They may be used as a way to regulate one's internal state but must otherwise have no apparent functional purpose.,,C0038271;C0038273,HP:0000733,Motor stereotypy,Use of the same abnormal action in response to certain triggers or at random. They may be used as a way to regulate one's internal state but must otherwise have no apparent functional purpose.,True,True
http://purl.obolibrary.org/obo/HP_0000748,HP_0000748,Inappropriate laughter,,"Laughing that may be excessive and/or inappropriate in context (e.g., laughing at a funeral while others are crying).",,C0424304,HP:0000748,Inappropriate laughter,"Laughing that may be excessive and/or inappropriate in context (e.g., laughing at a funeral while others are crying).",True,True
http://purl.obolibrary.org/obo/HP_0000750,HP_0000750,Delayed speech and language development,,A degree of language development that is significantly below the norm for a child of a specified age.,,C0023012;C0233715;C0241210;C0454644,HP:0000750,Delayed speech and language development,A degree of language development that is significantly below the norm for a child of a specified age.,True,True
http://purl.obolibrary.org/obo/HP_0000752,HP_0000752,Hyperactivity,,"Hyperactivity is a condition characterized by constant and unusually high levels of activity, even in situations where it is deemed inappropriate.",,C0424295,HP:0000752,Hyperactivity,"Hyperactivity is a condition characterized by constant and unusually high levels of activity, even in situations where it is deemed inappropriate.",True,True
http://purl.obolibrary.org/obo/HP_0000753,HP_0000753,Autism with high cognitive abilities,,,,C4025832,HP:0000753,Autism with high cognitive abilities,,True,True
http://purl.obolibrary.org/obo/HP_0001344,HP_0001344,Absent speech,,Complete lack of development of speech and language abilities.,,C0746940;C1854882,HP:0001344,Absent speech,Complete lack of development of speech and language abilities.,True,True
http://purl.obolibrary.org/obo/HP_0002332,HP_0002332,Lack of peer relationships,,The state of not having relationships with peers outside of school or organized activity appropriate to developmental level. This may be caused by behavioral or physical barriers.,,C1845337,HP:0002332,Lack of peer relationships,The state of not having relationships with peers outside of school or organized activity appropriate to developmental level. This may be caused by behavioral or physical barriers.,True,True
http://purl.obolibrary.org/obo/HP_0003763,HP_0003763,Bruxism,,"Bruxism is characterized by the grinding of the teeth including the clenching of the jaw and typically occur during sleep, but also can occur while the affected individual is awake.",,C0006325,HP:0003763,Bruxism,Bruxism is characterized by the grinding of the teeth including the clenching of the jaw and typically occur during sleep.,True,True
http://purl.obolibrary.org/obo/HP_0007018,HP_0007018,Attention deficit hyperactivity disorder,,"Attention deficit hyperactivity disorder (ADHD) manifests at age 2-3 years or by first grade at the latest. The main symptoms are distractibility, impulsivity, hyperactivity, and often trouble organizing tasks and projects, difficulty going to sleep, and social problems from being aggressive, loud, or impatient.",,C1263846,HP:0007018,Attention deficit hyperactivity disorder,"Attention deficit hyperactivity disorder (ADHD) manifests at age 2-3 years or by first grade at the latest. The main symptoms are distractibility, impulsivity, hyperactivity, and often trouble organizing tasks and projects, difficulty going to sleep, and social problems from being aggressive, loud, or impatient.",True,True
http://purl.obolibrary.org/obo/HP_0008762,HP_0008762,Repetitive compulsive behavior,,,,C1969697,HP:0008762,Repetitive compulsive behavior,,True,True
http://purl.obolibrary.org/obo/HP_0011856,HP_0011856,Pica,,"An appetite for and the persistent ingestion of non-food substances such as clay. In order to diagnose pica, this behavior must have persisted over a period of at least one month.",,C0031873,HP:0011856,Pica,"An appetite for and the persistent ingestion of non-food substances such as clay. In order to diagnose pica, this behavior must have persisted over a period of at least one month.",True,True
http://purl.obolibrary.org/obo/HP_0012171,HP_0012171,Stereotypical hand wringing,,"Habitual clasping and wringing of the hands in the middle of the body, similar to a hand-washing movement.",,C4023014,HP:0012171,Stereotypical hand wringing,"Habitual clasping and wringing of the hands in the middle of the body, similar to a hand-washing movement.",True,True
http://purl.obolibrary.org/obo/HP_0012172,HP_0012172,Stereotypical body rocking,,"Habitual repetitive movement of the entire body, front to back or side to side.",,C4023013,HP:0012172,Stereotypical body rocking,"Habitual repetitive movement of the entire body, front to back or side to side.",True,True
http://purl.obolibrary.org/obo/HP_0012760,HP_0012760,Reduced social responsiveness,,"A reduced ability to participate in the back-and-forth flow of social interaction appropriate to culture and developmental level, which is normally characterized by an influence of the behavior of one person on the behavior of another person. This results in difficulty interacting with others through emotional, physical, or verbal communication.",,C4022736,HP:0012760,Reduced social responsiveness,"A reduced ability to participate in the back-and-forth flow of social interaction appropriate to culture and developmental level, which is normally characterized by an influence of the behavior of one person on the behavior of another person. This results in difficulty interacting with others through emotional, physical, or verbal communication.",True,True
http://purl.obolibrary.org/obo/HP_0025112,HP_0025112,Auditory sensitivity,,Decreased tolerance to sound.,,,HP:0025112,Auditory sensitivity,Decreased tolerance to sound.,True,True
http://purl.obolibrary.org/obo/HP_0030215,HP_0030215,Inappropriate crying,,Uncontrolled episodes of crying occur without any apparent motivating stimuli.,,C0860609,HP:0030215,Inappropriate crying,Uncontrolled episodes of crying occur without any apparent motivating stimuli.,True,True
http://purl.obolibrary.org/obo/HP_0040082,HP_0040082,Happy demeanor,,"A conspicuously happy disposition, characterized by frequent smiling and laughing, which may be contextually inappropriate or unrelated to the situation.",,C1856115,HP:0040082,Happy demeanor,"A conspicuously happy disposition, characterized by frequent smiling and laughing, which may be contextually inappropriate or unrelated to the situation.",True,True
http://purl.obolibrary.org/obo/HP_0100023,HP_0100023,Recurrent hand flapping,,A type of repetitive behavior in which the affected individual repeatedly waves the hands and/or arms rhythmically.,,C4022387,HP:0100023,Recurrent hand flapping,A type of repetitive behavior in which the affected individual repeatedly waves the hands and/or arms rhythmically.,True,True
http://purl.obolibrary.org/obo/HP_0100033,HP_0100033,Tics,,"Repeated, individually recognizable, intermittent movements or movement fragments that are almost always briefly suppressible and are usually associated with awareness of an urge to perform the movement.",,C2169806,HP:0100033,Tics,"Repeated, individually recognizable, intermittent movements or movement fragments that are almost always briefly suppressible and are usually associated with awareness of an urge to perform the movement.",True,True
http://purl.obolibrary.org/obo/HP_0100034,HP_0100034,Motor tics,,Movement-based tics affecting discrete muscle groups.,,C0751900,HP:0100034,Motor tics,Movement-based tics affecting discrete muscle groups.,True,True
http://purl.obolibrary.org/obo/HP_0100703,HP_0100703,Tongue thrusting,,"Pressing forward of the tongue in the mouth, a retained motoric habit from infantile swallowing patterns",,C1829460,HP:0100703,Tongue thrusting,"Pressing forward of the tongue in the mouth, a retained motoric habit from infantile swallowing patterns",True,True
http://purl.obolibrary.org/obo/HP_0100710,HP_0100710,Impulsivity,,"Acting on the spur of the moment or on a momentary basis without consideration of outcomes; having difficulty establishing or following plans; experiencing a sense of urgency and engaging in behavior that is uninhibited, cannot be inhibited, and is uncontrolled. The possibility of repression is inconceivable.",,C0021125,HP:0100710,Impulsivity,"Acting on the spur of the moment or on a momentary basis without consideration of outcomes; having difficulty establishing or following plans; experiencing a sense of urgency and engaging in behavior that is uninhibited, cannot be inhibited, and is uncontrolled. The possibility of repression is inconceivable.",True,True
http://purl.obolibrary.org/obo/HP_0100716,HP_0100716,Self-injurious behavior,,Self-aggression.,,C0085271,HP:0100716,Self-injurious behavior,Self-aggression.,True,True
http://purl.obolibrary.org/obo/HP_5200018,HP_5200018,Stereotypic upper-extremity movements,,Abnormal movements of the upper extremities.,,,HP:5200018,Stereotypic upper-extremity movements,Abnormal movements of the upper extremities.,True,True
