phenotype_id,phenotype_label,source
HP:0000028,Cryptorchidism,Monarch
HP:0000093,Proteinuria,Monarch
HP:0000232,Everted lower lip vermilion,Monarch
HP:0000238,Hydrocephalus,Monarch
HP:0000294,Low anterior hairline,Monarch
HP:0000298,Mask-like facies,Monarch
HP:0000347,Micrognathia,Monarch
HP:0000407,Sensorineural hearing impairment,Monarch
HP:0000467,Neck muscle weakness,Monarch
HP:0000470,Short neck,Monarch
HP:0000501,Glaucoma,Monarch
HP:0000518,Cataract,Monarch
HP:0000545,Myopia,Monarch
HP:0000546,Retinal degeneration,Monarch
HP:0000556,Retinal dystrophy,Monarch
HP:0000568,Microphthalmia,Monarch
HP:0000589,Coloboma,Monarch
HP:0000717,Autism,Monarch
HP:0000721,Lack of spontaneous play,Monarch
HP:0000723,Restrictive behavior,Monarch
HP:0000728,Impaired ability to form peer relationships,Monarch
HP:0000732,Inflexible adherence to routines,Monarch
HP:0000733,Motor stereotypy,Monarch
HP:0000750,Delayed speech and language development,Monarch
HP:0000758,Abnormal nonverbal communicative behavior,Monarch
HP:0000762,Decreased nerve conduction velocity,Monarch
HP:0000958,Dry skin,Monarch
HP:0001249,Intellectual disability,Monarch
HP:0001250,Seizure,Monarch
HP:0001252,Hypotonia,Monarch
HP:0001263,Global developmental delay,Monarch
HP:0001265,Hyporeflexia,Monarch
HP:0001270,Motor delay,Monarch
HP:0001274,Agenesis of corpus callosum,Monarch
HP:0001279,Syncope,Monarch
HP:0001284,Areflexia,Monarch
HP:0001288,Gait disturbance,Monarch
HP:0001290,Generalized hypotonia,Monarch
HP:0001305,Dandy-Walker malformation,Monarch
HP:0001315,Reduced tendon reflexes,Monarch
HP:0001319,Neonatal hypotonia,Monarch
HP:0001320,Cerebellar vermis hypoplasia,Monarch
HP:0001321,Cerebellar hypoplasia,Monarch
HP:0001324,Muscle weakness,Monarch
HP:0001339,Lissencephaly,Monarch
HP:0001344,Absent speech,Monarch
HP:0001371,Flexion contracture,Monarch
HP:0001382,Joint hypermobility,Monarch
HP:0001558,Decreased fetal movement,Monarch
HP:0001635,Congestive heart failure,Monarch
HP:0001638,Cardiomyopathy,Monarch
HP:0001644,Dilated cardiomyopathy,Monarch
HP:0001761,Pes cavus,Monarch
HP:0001771,Achilles tendon contracture,Monarch
HP:0001962,Palpitations,Monarch
HP:0002079,Hypoplasia of the corpus callosum,Monarch
HP:0002091,Restrictive ventilatory defect,Monarch
HP:0002093,Respiratory insufficiency,Monarch
HP:0002119,Ventriculomegaly,Monarch
HP:0002121,Generalized non-motor (absence) seizure,Monarch
HP:0002126,Polymicrogyria,Monarch
HP:0002194,Delayed gross motor development,Monarch
HP:0002282,Gray matter heterotopia,Monarch
HP:0002317,Unsteady gait,Monarch
HP:0002335,Agenesis of cerebellar vermis,Monarch
HP:0002350,Cerebellar cyst,Monarch
HP:0002353,EEG abnormality,Monarch
HP:0002359,Frequent falls,Monarch
HP:0002365,Hypoplasia of the brainstem,Monarch
HP:0002421,Poor head control,Monarch
HP:0002460,Distal muscle weakness,Monarch
HP:0002500,Abnormal cerebral white matter morphology,Monarch
HP:0002505,Loss of ambulation,Monarch
HP:0002515,Waddling gait,Monarch
HP:0002518,Abnormal periventricular white matter morphology,Monarch
HP:0002540,Inability to walk,Monarch
HP:0002650,Scoliosis,Monarch
HP:0002747,Respiratory insufficiency due to muscle weakness,Monarch
HP:0002808,Kyphosis,Monarch
HP:0002870,Obstructive sleep apnea,Monarch
HP:0002875,Exertional dyspnea,Monarch
HP:0002878,Respiratory failure,Monarch
HP:0002910,Elevated circulating hepatic transaminase concentration,Monarch
HP:0002938,Lumbar hyperlordosis,Monarch
HP:0002987,Elbow flexion contracture,Monarch
HP:0003089,Hamstring contractures,Monarch
HP:0003144,Increased serum serotonin,Monarch
HP:0003155,Elevated circulating alkaline phosphatase concentration,Monarch
HP:0003194,Short nasal bridge,Monarch
HP:0003198,Myopathy,Monarch
HP:0003202,Skeletal muscle atrophy,Monarch
HP:0003236,Elevated circulating creatine kinase concentration,Monarch
HP:0003273,Hip contracture,Monarch
HP:0003306,Spinal rigidity,Monarch
HP:0003307,Hyperlordosis,Monarch
HP:0003325,Limb-girdle muscle weakness,Monarch
HP:0003326,Myalgia,Monarch
HP:0003327,Axial muscle weakness,Monarch
HP:0003391,Gowers sign,Monarch
HP:0003418,Back pain,Monarch
HP:0003458,EMG: myopathic abnormalities,Monarch
HP:0003484,Upper limb muscle weakness,Monarch
HP:0003547,Shoulder girdle muscle weakness,Monarch
HP:0003551,Difficulty climbing stairs,Monarch
HP:0003555,Muscle fiber splitting,Monarch
HP:0003557,Increased variability in muscle fiber diameter,Monarch
HP:0003560,Muscular dystrophy,Monarch
HP:0003642,Type I transferrin isoform profile,Monarch
HP:0003687,Centrally nucleated skeletal muscle fibers,Monarch
HP:0003691,Scapular winging,Monarch
HP:0003700,Generalized amyotrophy,Monarch
HP:0003701,Proximal muscle weakness,Monarch
HP:0003704,Scapuloperoneal weakness,Monarch
HP:0003712,Skeletal muscle hypertrophy,Monarch
HP:0003713,Muscle fiber necrosis,Monarch
HP:0003722,Neck flexor weakness,Monarch
HP:0003724,Shoulder girdle muscle atrophy,Monarch
HP:0003738,Exercise-induced myalgia,Monarch
HP:0003749,Pelvic girdle muscle weakness,Monarch
HP:0003803,Type 1 muscle fiber predominance,Monarch
HP:0003805,Rimmed vacuoles,Monarch
HP:0004303,Abnormal muscle fiber morphology,Monarch
HP:0004887,Respiratory failure requiring assisted ventilation,Monarch
HP:0005991,Limited neck flexion,Monarch
HP:0006094,Finger joint hypermobility,Monarch
HP:0006380,Knee flexion contracture,Monarch
HP:0006466,Ankle flexion contracture,Monarch
HP:0006785,Limb-girdle muscular dystrophy,Monarch
HP:0006888,Meningoencephalocele,Monarch
HP:0007033,Cerebellar dysplasia,Monarch
HP:0007063,Aplasia of the inferior half of the cerebellar vermis,Monarch
HP:0007126,Proximal amyotrophy,Monarch
HP:0007141,Sensorimotor neuropathy,Monarch
HP:0007210,Lower limb amyotrophy,Monarch
HP:0007260,Type II lissencephaly,Monarch
HP:0007340,Lower limb muscle weakness,Monarch
HP:0007502,Follicular hyperkeratosis,Monarch
HP:0007957,Corneal opacity,Monarch
HP:0007973,Retinal dysplasia,Monarch
HP:0008066,Abnormal blistering of the skin,Monarch
HP:0008404,Nail dystrophy,Monarch
HP:0008872,Feeding difficulties in infancy,Monarch
HP:0008944,Distal lower limb amyotrophy,Monarch
HP:0008954,Intrinsic hand muscle atrophy,Monarch
HP:0008956,Proximal lower limb amyotrophy,Monarch
HP:0008981,Calf muscle hypertrophy,Monarch
HP:0008994,Proximal lower limb muscle weakness,Monarch
HP:0008997,Proximal upper limb muscle weakness,Monarch
HP:0009027,Foot dorsiflexor weakness,Monarch
HP:0009046,Difficulty running,Monarch
HP:0009049,Peroneal muscle atrophy,Monarch
HP:0009053,Distal lower limb muscle weakness,Monarch
HP:0009077,Weakness of long finger extensor muscles,Monarch
HP:0009129,Upper limb amyotrophy,Monarch
HP:0009879,Simplified gyral pattern,Monarch
HP:0010602,Type 2 muscle fiber predominance,Monarch
HP:0011003,High myopia,Monarch
HP:0011344,Severe global developmental delay,Monarch
HP:0011399,Tibialis anterior muscle atrophy,Monarch
HP:0011675,Arrhythmia,Monarch
HP:0011705,First degree atrioventricular block,Monarch
HP:0011706,Second degree atrioventricular block,Monarch
HP:0011711,Left anterior fascicular block,Monarch
HP:0011712,Complete right bundle branch block,Monarch
HP:0011727,Peroneal muscle weakness,Monarch
HP:0011800,Midface retrusion,Monarch
HP:0011951,Aspiration pneumonia,Monarch
HP:0011968,Feeding difficulties,Monarch
HP:0012084,Abnormality of skeletal muscle fiber size,Monarch
HP:0012110,Hypoplasia of the pons,Monarch
HP:0012378,Fatigue,Monarch
HP:0012548,Fatty replacement of skeletal muscle,Monarch
HP:0012587,Macroscopic hematuria,Monarch
HP:0012664,Reduced left ventricular ejection fraction,Monarch
HP:0020152,Distal joint hypermobility,Monarch
HP:0020202,Abnormal Z disk morphology,Monarch
HP:0025335,Delayed ability to stand,Monarch
HP:0025403,Stooped posture,Monarch
HP:0025435,Increased circulating lactate dehydrogenase concentration,Monarch
HP:0025717,Skeletal muscle autophagosome accumulation,Monarch
HP:0030046,Hypoglycosylation of alpha-dystroglycan,Monarch
HP:0030051,Tip-toe gait,Monarch
HP:0030095,Reduced muscle collagen VI,Monarch
HP:0030099,Reduced muscle fiber alpha dystroglycan,Monarch
HP:0030227,Accumulation of muscle fiber myotilin,Monarch
HP:0030234,Highly elevated creatine kinase,Monarch
HP:0030237,Hand muscle weakness,Monarch
HP:0030319,Weakness of facial musculature,Monarch
HP:0031237,Internally nucleated skeletal muscle fibers,Monarch
HP:0031295,Left atrial enlargement,Monarch
HP:0031329,Interstitial cardiac fibrosis,Monarch
HP:0031882,Agyria,Monarch
HP:0031936,Delayed ability to walk,Monarch
HP:0031956,Elevated circulating aspartate aminotransferase concentration,Monarch
HP:0032019,Muscle eosinophilia,Monarch
HP:0032152,Keratosis pilaris,Monarch
HP:0032341,Reduced forced vital capacity,Monarch
HP:0032359,Decreased forced expiratory flow 25-75%,Monarch
HP:0032792,Tonic seizure,Monarch
HP:0032989,Delayed ability to roll over,Monarch
HP:0033122,Absent P wave,Monarch
HP:0033383,Decreased compound muscle action potential amplitude,Monarch
HP:0033685,Fiber type grouping,Monarch
HP:0033686,Mitochondrial hypertrophy,Monarch
HP:0033802,Intra-epidermal blistering,Monarch
HP:0034045,Angulated muscle fibers,Monarch
HP:0034291,Elevated circulating creatine concentration,Monarch
HP:0034391,Elbow contracture,Monarch
HP:0034392,Joint contracture,Monarch
HP:0034665,Shoulder contracture,Monarch
HP:0034677,Ankle contracture,Monarch
HP:0040078,Axonal degeneration,Monarch
HP:0100295,Muscle fiber atrophy,Monarch
HP:0100297,Increased endomysial connective tissue,Monarch
HP:0100298,Motheaten muscle fibers,Monarch
HP:0410174,Increased circulating troponin T concentration,Monarch
